10fthf;Nc1nc(=O)c2c([nH]1)NCC(CN(C=O)c1ccc(C(=O)NC(CCC(=O)O)C(=O)O)cc1)N2;MNXM237
12dgr120;;
12dgr140;;
12dgr141;;
12dgr160;;
12dgr161;;
12dgr180;;
12dgr181;;
12ppd-R;CC(O)CO;MNXM1118
13dpg;O=C(OP(=O)(O)O)C(O)COP(=O)(O)O;MNXM261
15dap;NCCCCCN;MNXM943
1agpe120;CCCCCCCCCCCC(=O)OCC(O)COP(=O)(O)OCCN;MNXM32692
1agpe140;;
1agpe141;;
1agpe160;;
1agpe161;;
1agpe180;CCCCCCCCCCCCCCCCCC(=O)OCC(O)COP(=O)(O)OCCN;MNXM32694
1agpe181;;
1agpg120;CCCCCCCCCCCC(=O)OCC(O)COP(=O)(O)OCC(O)CO;MNXM32695
1agpg140;;
1agpg141;;
1agpg160;;
1agpg161;;
1agpg180;;
1agpg181;;
1ddecg3p;CCCCCCCCCCCC(=O)OCC(O)COP(=O)(O)O;MNXM4232
1hdec9eg3p;;
1hdecg3p;;
1odec11eg3p;;
1odecg3p;;
1tdec7eg3p;;
1tdecg3p;CCCCCCCCCCCCCC(=O)OCC(O)COP(=O)(O)O;MNXM3426
23ddhb;O=C(O)C1=CC=CC(O)C1O;MNXM30847
23dhb;O=C(O)c1cccc(O)c1O;MNXM455
23dhba;Nc1ncnc2c1ncn2C1OC(COP(=O)(O)OC(=O)c2cccc(O)c2O)C(O)C1O;MNXM1978
23dhbzs;O=C(NC(CO)C(=O)O)c1cccc(O)c1O;MNXM1487
23dhdp;O=C(O)C1=NC(C(=O)O)CC=C1;MNXM807
23dhmb;CC(C)(O)C(O)C(=O)O;MNXM734
23dhmp;CCC(C)(O)C(O)C(=O)O;MNXM1202
25aics;Nc1c(C(=O)NC(CC(=O)O)C(=O)O)ncn1C1OC(COP(=O)(O)O)C(O)C1O;MNXM607
25drapp;Nc1nc(=O)c(N)c(NC2OC(COP(=O)(O)O)C(O)C2O)[nH]1;MNXM648
26dap-LL;NC(CCCC(N)C(=O)O)C(=O)O;MNXM529
26dap-M;NC(CCCC(N)C(=O)O)C(=O)O;MNXM529
2agpe120;CCCCCCCCCCCC(=O)OC(CO)COP(=O)(O)OCCN;MNXM34808
2agpe140;CCCCCCCCCCCCCC(=O)OC(CO)COP(=O)(O)OCCN;MNXM34809
2agpe141;;
2agpe160;;
2agpe161;;
2agpe180;;
2agpe181;;
2agpg120;;
2agpg140;;
2agpg141;;
2agpg160;;
2agpg161;;
2agpg180;CCCCCCCCCCCCCCCCCC(=O)OC(CO)COP(=O)(O)OCC(O)CO;MNXM150642
2agpg181;;
2ahbut;CCC(O)(C(C)=O)C(=O)O;MNXM114220
2amsa;NC(C=O)C(=O)O;MNXM2124
2aobut;CC(=O)C(N)C(=O)O;MNXM114087
2cpr5p;O=C(O)c1ccccc1NCC(=O)C(O)C(O)COP(=O)(O)O;MNXM1455
2dda7p;O=C(O)C(=O)CC(O)C(O)C(O)COP(=O)(O)O;MNXM1219
2ddecg3p;;
2ddg6p;O=C(O)C(=O)CC(O)C(O)COP(=O)(O)O;MNXM649
2dh3dgal6p;O=C(O)C(=O)CC(O)C(O)COP(=O)(O)O;MNXM649
2dhp;CC(C)(CO)C(=O)C(=O)O;MNXM959
2dmmq8;CC(C)=CCCC(C)=CCCC(C)=CCCC(C)=CCCC(C)=CCCC(C)=CCCC(C)=CCCC(C)=CCC1=CC(=O)c2ccccc2C1=O;MNXM2178
2dmmql8;CC(C)=CCCC(C)=CCCC(C)=CCCC(C)=CCCC(C)=CCCC(C)=CCCC(C)=CCCC(C)=CCc1cc(O)c2ccccc2c1O;MNXM558
2dr1p;O=P(O)(O)OC1CC(O)C(CO)O1;MNXM789
2dr5p;O=CCC(O)C(O)COP(=O)(O)O;MNXM2179
2h3oppan;O=C(O)C(=O)CO;MNXM392
2hdec9eg3p;;
2hdecg3p;;
2ippm;CC(C)C(=CC(=O)O)C(=O)O;MNXM1706
2mahmp;COc1ncc(COP(=O)(O)OP(=O)(O)O)c(N)n1;MNXM37317
2mcacn;CC(C(=O)O)=C(CC(=O)O)C(=O)O;MNXM1792
2me4p;CC(O)(CO)C(O)COP(=O)(O)O;MNXM1626
2mecdp;CC1(CO)OP(=O)(O)OP(=O)(O)OCC1O;MNXM1168
2obut;CCC(=O)C(=O)O;MNXM159
2odec11eg3p;;
2odecg3p;;
2ohph;;
2ombzl;COc1cc(O)cc(CC=C(C)CCC=C(C)CCC=C(C)CCC=C(C)CCC=C(C)CCC=C(C)CCC=C(C)CCC=C(C)C)c1O;MNXM90444
2omhmbl;COc1c(O)c(O)c(C)c(CC=C(C)CCC=C(C)CCC=C(C)CCC=C(C)CCC=C(C)CCC=C(C)CCC=C(C)CCC=C(C)C)c1O;MNXM2187
2ommbl;COc1cc(O)c(C)c(CC=C(C)CCC=C(C)CCC=C(C)CCC=C(C)CCC=C(C)CCC=C(C)CCC=C(C)CCC=C(C)C)c1O;MNXM1899
2omph;;
2oph;CC(C)=CCCC(C)=CCCC(C)=CCCC(C)=CCCC(C)=CCCC(C)=CCCC(C)=CCCC(C)=CCc1ccccc1O;MNXM1886
2p4c2me;CC(CO)(OP(=O)(O)O)C(O)COP(=O)(O)OP(=O)(O)OCC1OC(n2ccc(N)nc2=O)C(O)C1O;MNXM1641
2pg;O=C(O)C(CO)OP(=O)(O)O;MNXM275
2shchc;O=C(O)CCC(=O)C1=CC=CC(O)C1C(=O)O;MNXM1249
2tdec7eg3p;;
2tdecg3p;;
2tpr3dpcoa;;
34hpp;O=C(O)C(=O)Cc1ccc(O)cc1;MNXM153
3c2hmp;CC(C)C(C(=O)O)C(O)C(=O)O;MNXM891
3c3hmp;CC(C)C(O)(CC(=O)O)C(=O)O;MNXM985
3c4mop;CC(C)C(C(=O)O)C(=O)C(=O)O;MNXM1602
3dhq;O=C1CC(O)(C(=O)O)CC(O)C1O;MNXM478
3dhsk;O=C(O)C1CC(=O)C(O)C(=O)C1;MNXM611
3hbcoa;CC(O)CC(=O)SCCNC(=O)CCNC(=O)C(O)C(C)(C)COP(=O)(O)OP(=O)(O)OCC1OC(n2cnc3c(N)ncnc32)C(O)C1OP(=O)(O)O;MNXM1034
3hdcoa;CCCCCCCC(O)CC(=O)SCCNC(=O)CCNC(=O)C(O)C(C)(C)COP(=O)(O)OP(=O)(O)OCC1OC(n2cnc3c(N)ncnc32)C(O)C1OP(=O)(O)O;MNXM674
3hddcoa;CCCCCCCCCC(O)CC(=O)SCCNC(=O)CCNC(=O)C(O)C(C)(C)COP(=O)(O)OP(=O)(O)OCC1OC(n2cnc3c(N)ncnc32)C(O)C1OP(=O)(O)O;MNXM733
3hhcoa;CCCC(O)CC(=O)SCCNC(=O)CCNC(=O)C(O)C(C)(C)COP(=O)(O)OP(=O)(O)OCC1OC(n2cnc3c(N)ncnc32)C(O)C1OP(=O)(O)O;MNXM757
3hhdcoa;;
3hocoa;CCCCCC(O)CC(=O)SCCNC(=O)CCNC(=O)C(O)C(C)(C)COP(=O)(O)OP(=O)(O)OCC1OC(n2cnc3c(N)ncnc32)C(O)C1OP(=O)(O)O;MNXM766
3hodcoa;;
3htdcoa;CCCCCCCCCCCC(O)CC(=O)SCCNC(=O)CCNC(=O)C(O)C(C)(C)COP(=O)(O)OP(=O)(O)OCC1OC(n2cnc3c(N)ncnc32)C(O)C1OP(=O)(O)O;MNXM767
3ig3p;O=P(O)(O)OCC(O)C(O)c1c[nH]c2ccccc12;MNXM866
3mob;CC(C)C(=O)C(=O)O;MNXM238
3mop;CCC(C)C(=O)C(=O)O;MNXM439
3odcoa;CCCCCCCC(=O)CC(=O)SCCNC(=O)CCNC(=O)C(O)C(C)(C)COP(=O)(O)OP(=O)(O)OCC1OC(n2cnc3c(N)ncnc32)C(O)C1OP(=O)(O)O;MNXM677
3oddcoa;CCCCCCCCCC(=O)CC(=O)SCCNC(=O)CCNC(=O)C(O)C(C)(C)COP(=O)(O)OP(=O)(O)OCC1OC(n2cnc3c(N)ncnc32)C(O)C1OP(=O)(O)O;MNXM705
3ohcoa;CCCC(=O)CC(=O)SCCNC(=O)CCNC(=O)C(O)C(C)(C)COP(=O)(O)OP(=O)(O)OCC1OC(n2cnc3c(N)ncnc32)C(O)C1OP(=O)(O)O;MNXM717
3ohdcoa;;
3oocoa;CCCCCC(=O)CC(=O)SCCNC(=O)CCNC(=O)C(O)C(C)(C)COP(=O)(O)OP(=O)(O)OCC1OC(n2cnc3c(N)ncnc32)C(O)C1OP(=O)(O)O;MNXM706
3oodcoa;;
3ophb;CC(C)=CCCC(C)=CCCC(C)=CCCC(C)=CCCC(C)=CCCC(C)=CCCC(C)=CCCC(C)=CCc1cc(C(=O)O)ccc1O;MNXM2195
3otdcoa;CCCCCCCCCCCC(=O)CC(=O)SCCNC(=O)CCNC(=O)C(O)C(C)(C)COP(=O)(O)OP(=O)(O)OCC1OC(n2cnc3c(N)ncnc32)C(O)C1OP(=O)(O)O;MNXM707
3pg;O=C(O)C(O)COP(=O)(O)O;MNXM126
3php;O=C(O)C(=O)COP(=O)(O)O;MNXM541
3psme;C=C(OC1CC(C(=O)O)=CC(OP(=O)(O)O)C1O)C(=O)O;MNXM1365
4abut;NCCCC(=O)O;MNXM192
4abutn;NCCCC=O;MNXM422
4abz;Nc1ccc(C(=O)O)cc1;MNXM421
4adcho;C=C(OC1C=C(C(=O)O)C=CC1N)C(=O)O;MNXM1458
4ampm;Cc1ncc(COP(=O)(O)O)c(N)n1;MNXM790
4c2me;CC(O)(CO)C(O)COP(=O)(O)OP(=O)(O)OCC1OC(n2ccc(N)nc2=O)C(O)C1O;MNXM1642
4hbz;O=C(O)c1ccc(O)cc1;MNXM164
4hthr;NC(C(=O)O)C(O)CO;MNXM1802
4mop;CC(C)CC(=O)C(=O)O;MNXM404
4mpetz;Cc1ncsc1CCOP(=O)(O)O;MNXM960
4pasp;NC(CC(=O)OP(=O)(O)O)C(=O)O;MNXM1177
4per;O=C(O)C(O)C(O)COP(=O)(O)O;MNXM1407
4ppan;CC(C)(COP(=O)(O)O)C(O)C(=O)NCCC(=O)O;MNXM415
4ppcys;CC(C)(COP(=O)(O)O)C(O)C(=O)NCCC(=O)NC(CS)C(=O)O;MNXM483
4r5au;Nc1c(NCC(O)C(O)C(O)CO)[nH]c(=O)[nH]c1=O;MNXM791
5aizc;Nc1c(C(=O)O)ncn1C1OC(COP(=O)(O)O)C(O)C1O;MNXM507
5aop;NCC(=O)CCC(=O)O;MNXM405
5aprbu;Nc1c(NCC(O)C(O)C(O)COP(=O)(O)O)[nH]c(=O)[nH]c1=O;MNXM1178
5apru;Nc1c(NC2OC(COP(=O)(O)O)C(O)C2O)[nH]c(=O)[nH]c1=O;MNXM1532
5caiz;;
5dglcn;O=C(O)C(=O)C(O)C(O)C(O)CO;MNXM582
5mthf;CN1c2c([nH]c(N)nc2=O)NCC1CNc1ccc(C(=O)NC(CCC(=O)O)C(=O)O)cc1;MNXM318
6hmhpt;Nc1nc(=O)c2c([nH]1)NCC(CO)=N2;MNXM937
6hmhptpp;Nc1nc(=O)c2c([nH]1)NCC(COP(=O)(O)OP(=O)(O)O)=N2;MNXM1160
6pgc;O=C(O)C(O)C(O)C(O)C(O)COP(=O)(O)O;MNXM325
6pgl;O=C1OC(COP(=O)(O)O)C(O)C(O)C1O;MNXM429
aacoa;CC(=O)CC(=O)SCCNC(=O)CCNC(=O)C(O)C(C)(C)COP(=O)(O)OP(=O)(O)OCC1OC(n2cnc3c(N)ncnc32)C(O)C1OP(=O)(O)O;MNXM133
aact;CC(=O)CN;MNXM1106
ac;CC(=O)O;MNXM26
acald;CC=O;MNXM75
acanth;CC(=O)Nc1ccccc1C(=O)O;MNXM1939
accoa;CC(=O)SCCNC(=O)CCNC(=O)C(O)C(C)(C)COP(=O)(O)OP(=O)(O)OCC1OC(n2cnc3c(N)ncnc32)C(O)C1OP(=O)(O)O;MNXM21
acetol;CC(=O)CO;MNXM1744
acg5p;CC(=O)NC(CCC(=O)OP(=O)(O)O)C(=O)O;MNXM1384
acg5sa;CC(=O)NC(CCC=O)C(=O)O;MNXM1062
acgam;CC(=O)NC1C(O)OC(CO)C(O)C1O;MNXM143
acgam1p;;
acgam6p;CC(=O)NC1C(O)OC(COP(=O)(O)O)C(O)C1O;MNXM6346
acglc-D;CC(=O)OCC1OC(O)C(O)C(O)C1O;MNXM90521
acglu;CC(=O)NC(CCC(=O)O)C(=O)O;MNXM730
acmanap;;
acmum6p;CC(=O)NC1C(O)OC(COP(=O)(O)O)C(O)C1OC(C)C(=O)O;MNXM1490
acolipa;;
acon-C;O=C(O)C=C(CC(=O)O)C(=O)O;MNXM813
aconm;COC(=O)C(=CC(=O)O)CC(=O)O;MNXM3742
acon-T;O=C(O)C=C(CC(=O)O)C(=O)O;MNXM813
acorn;CC(=O)NC(CCCN)C(=O)O;MNXM817
acser;CC(=O)OCC(N)C(=O)O;MNXM418
actp;CC(=O)OP(=O)(O)O;MNXM280
ade;Nc1ncnc2nc[nH]c12;MNXM168
adn;Nc1ncnc2c1ncn2C1OC(CO)C(O)C1O;MNXM212
adp;Nc1ncnc2c1ncn2C1OC(COP(=O)(O)OP(=O)(O)O)C(O)C1O;MNXM7
adpglc;Nc1ncnc2c1ncn2C1OC(COP(=O)(O)OP(=O)(O)OC2OC(CO)C(O)C(O)C2O)C(O)C1O;MNXM561
adphep-DD;Nc1ncnc2c1ncn2C1OC(COP(=O)(O)OP(=O)(O)OC2OC(C(O)CO)C(O)C(O)C2O)C(O)C1O;MNXM857
adphep-LD;Nc1ncnc2c1ncn2C1OC(COP(=O)(O)OP(=O)(O)OC2OC(C(O)CO)C(O)C(O)C2O)C(O)C1O;MNXM857
adprib;Nc1ncnc2c1ncn2C1OC(COP(=O)(O)OP(=O)(O)OCC2OC(O)C(O)C2O)C(O)C1O;MNXM527
agm;N=C(N)NCCCCN;MNXM328
ahcys;Nc1ncnc2c1ncn2C1OC(CSCCC(N)C(=O)O)C(O)C1O;MNXM19
ahdt;Nc1nc(=O)c2c([nH]1)NCC(C(O)C(O)COP(=O)(O)OP(=O)(O)OP(=O)(O)O)=N2;MNXM397
aicar;NC(=O)c1ncn(C2OC(COP(=O)(O)O)C(O)C2O)c1N;MNXM365
air;Nc1cncn1C1OC(COP(=O)(O)O)C(O)C1O;MNXM388
akg;O=C(O)CCC(=O)C(=O)O;MNXM20
alaala;CC(N)C(=O)NC(C)C(=O)O;MNXM669
ala-B;NCCC(=O)O;MNXM144
alac-S;CC(=O)C(C)(O)C(=O)O;MNXM426
ala-D;CC(N)C(=O)O;MNXM32
ala-L;CC(N)C(=O)O;MNXM32
all6p;O=C(COP(=O)(O)O)C(O)C(O)C(O)CO;MNXM1553
alltn;NC(=O)NC1NC(=O)NC1=O;MNXM612
alltt;NC(=O)NC(NC(N)=O)C(=O)O;MNXM584
allul6p;O=P(O)(O)OCC1OC(O)(CO)C(O)C1O;MNXM795
amet;C[S+](CCC(N)C(=O)O)CC1OC(n2cnc3c(N)ncnc32)C(O)C1O;MNXM16
ametam;C[S+](CCCN)CC1OC(n2cnc3c(N)ncnc32)C(O)C1O;MNXM321
amp;Nc1ncnc2c1ncn2C1OC(COP(=O)(O)O)C(O)C1O;MNXM14
anhgm;;
anhgm3p;CC(=O)NC1=COC(CO)C(OC2OC(CO)C(O)C(O)C2NC(C)=O)C1OC(C)C(=O)NC(C)C(=O)NC(CCC(=O)O)C(=O)NC(CCCC(N)C(=O)O)C(=O)O;MNXM63489
anhgm4p;CC(=O)NC1C(OC2C3COC(O3)C(NC(C)=O)C2OC(C)C(=O)NC(C)C(=O)NC(CCC(=O)O)C(=O)NC(CCCC(N)C(=O)O)C(=O)NC(C)C(=O)O)OC(CO)C(O)C1O;MNXM63488
anhm;;
anhm3p;CC(=O)NC1COC(CO)C(O)C1OC(C)C(=O)NC(C)C(=O)NC(CCC(=O)O)C(=O)NC(CCCC(N)C(=O)O)C(=O)O;MNXM32389
anhm4p;CC(=O)NC1COC(CO)C(O)C1OC(C)C(=O)NC(C)C(=O)NC(CCC(=O)O)C(=O)NC(CCCC(N)C(=O)O)C(=O)NC(C)C(=O)O;MNXM5405
anth;Nc1ccccc1C(=O)O;MNXM188
apg120;CCCCCCCCCCCC(=O)OCC(O)COP(=O)(O)OCC(COC(=O)CCCCCCCCCCC)OC(=O)CCCCCCCCCCC;MNXM40226
apg140;CCCCCCCCCCCCCC(=O)OCC(O)COP(=O)(O)OCC(COC(=O)CCCCCCCCCCCCC)OC(=O)CCCCCCCCCCCCC;MNXM40227
apg141;;
apg160;CCCCCCCCCCCCCCCC(=O)OCC(O)COP(=O)(O)OCC(COC(=O)CCCCCCCCCCCCCCC)OC(=O)CCCCCCCCCCCCCCC;MNXM40228
apg161;;
apg180;;
apg181;;
aps;Nc1ncnc2c1ncn2C1OC(COP(=O)(O)OS(=O)(=O)O)C(O)C1O;MNXM287
ara5p;O=C(CO)C(O)C(O)COP(=O)(O)O;MNXM145
arg-L;N=C(N)NCCCC(N)C(=O)O;MNXM70
argsuc;NC(=NC(CC(=O)O)C(=O)O)NCCCC(N)C(=O)O;MNXM550
asn-L;NC(=O)CC(N)C(=O)O;MNXM147
asp-L;NC(CC(=O)O)C(=O)O;MNXM42
aspsa;NC(CC=O)C(=O)O;MNXM361
athr-L;;
atp;Nc1ncnc2c1ncn2C1OC(COP(=O)(O)OP(=O)(O)OP(=O)(O)O)C(O)C1O;MNXM3
b2coa;CC=CC(=O)SCCNC(=O)CCNC(=O)C(O)C(C)(C)COP(=O)(O)OP(=O)(O)OCC1OC(n2cnc3c(N)ncnc32)C(O)C1OP(=O)(O)O;MNXM214
bglycogen;;
btcoa;CCCC(=O)SCCNC(=O)CCNC(=O)C(O)C(C)(C)COP(=O)(O)OP(=O)(O)OCC1OC(n2cnc3c(N)ncnc32)C(O)C1OP(=O)(O)O;MNXM233
ca2;;
camp;Nc1ncnc2c1ncn2C1OC2COP(=O)(O)OC2C1O;MNXM243
cbasp;NC(=O)NC(CC(=O)O)C(=O)O;MNXM465
cbp;NC(=O)OP(=O)(O)O;MNXM138
cdp;Nc1ccn(C2OC(COP(=O)(O)OP(=O)(O)O)C(O)C2O)c(=O)n1;MNXM220
cdpdddecg;;
cdpdhdec9eg;CCCCCCC=CCCCCCCCC(=O)OCC(COP(=O)(O)OP(=O)(O)OCC1OC(n2ccc(N)nc2=O)C(O)C1O)OC(=O)CCCCCCCC=CCCCCCC;MNXM4508
cdpdhdecg;;
cdpdodec11eg;;
cdpdodecg;;
cdpdtdec7eg;;
cdpdtdecg;CCCCCCCCCCCCCC(=O)OCC(COP(=O)(O)OP(=O)(O)OCC1OC(n2ccc(N)nc2=O)C(O)C1O)OC(=O)CCCCCCCCCCCCC;MNXM4512
cgly;;
chor;C=C(OC1C=C(C(=O)O)C=CC1O)C(=O)O;MNXM337
cit;O=C(O)CC(O)(CC(=O)O)C(=O)O;MNXM131
citr-L;NC(=O)NCCCC(N)C(=O)O;MNXM211
ckdo;Nc1ccn(C2OC(COP(=O)(O)OC3(C(=O)O)CC(O)C(O)C(C(O)CO)O3)C(O)C2O)c(=O)n1;MNXM535
cl;[Cl-];MNXM43
clpn120;;
clpn140;;
clpn141;;
clpn160;;
clpn161;;
clpn180;;
clpn181;;
cmp;Nc1ccn(C2OC(COP(=O)(O)O)C(O)C2O)c(=O)n1;MNXM31
co2;O=C=O;MNXM13
coa;CC(C)(COP(=O)(O)OP(=O)(O)OCC1OC(n2cnc3c(N)ncnc32)C(O)C1OP(=O)(O)O)C(O)C(=O)NCCC(=O)NCCS;MNXM12
cobalt2;;
colipa;;
cpe160;CCCCCCC1CC1CCCCCCCC(=O)N(CCOP(=O)(O)OCC(O)CO)C(=O)CCCCCCCC1CC1CCCCCC;MNXM48208
cpe180;;
cpg160;CCCCCCC1CC1CCCCCCCC(=O)OCC(COP(=O)(O)OCC(O)CO)OC(=O)CCCCCCCC1CC1CCCCCC;MNXM48210
cpg180;CCCCCCC1CC1CCCCCCCCCC(=O)OCC(COP(=O)(O)OCC(O)CO)OC(=O)CCCCCCCCCC1CC1CCCCCC;MNXM48211
cpppg3;Cc1c2[nH]c(c1CCC(=O)O)Cc1[nH]c(c(CCC(=O)O)c1C)Cc1[nH]c(c(CCC(=O)O)c1C)Cc1[nH]c(c(C)c1CCC(=O)O)C2;MNXM410
csn;Nc1cc[nH]c(=O)n1;MNXM761
ctp;Nc1ccn(C2OC(COP(=O)(O)OP(=O)(O)OP(=O)(O)O)C(O)C2O)c(=O)n1;MNXM63
cu2;;
cys-L;NC(CS)C(=O)O;MNXM55
cyst-L;NC(CCSCC(N)C(=O)O)C(=O)O;MNXM319
cytd;Nc1ccn(C2OC(CO)C(O)C2O)c(=O)n1;MNXM338
dad-2;Nc1ncnc2c1ncn2C1CC(O)C(CO)O1;MNXM625
dad-5;CC1OC(n2cnc3c(N)ncnc32)C(O)C1O;MNXM316
dadp;Nc1ncnc2c1ncn2C1CC(O)C(COP(=O)(O)OP(=O)(O)O)O1;MNXM374
damp;Nc1ncnc2c1ncn2C1CC(O)C(COP(=O)(O)O)O1;MNXM432
datp;Nc1ncnc2c1ncn2C1CC(O)C(COP(=O)(O)OP(=O)(O)OP(=O)(O)O)O1;MNXM286
db4p;CC(=O)C(O)COP(=O)(O)O;MNXM2323
dc2coa;CCCCCCCC=CC(=O)SCCNC(=O)CCNC(=O)C(O)C(C)(C)COP(=O)(O)OP(=O)(O)OCC1OC(n2cnc3c(N)ncnc32)C(O)C1OP(=O)(O)O;MNXM580
dca;;
dcacoa;;
dcamp;O=C(O)CC(Nc1ncnc2c1ncn2C1OC(COP(=O)(O)O)C(O)C1O)C(=O)O;MNXM565
dcdp;Nc1ccn(C2CC(O)C(COP(=O)(O)OP(=O)(O)O)O2)c(=O)n1;MNXM411
dcmp;Nc1ccn(C2CC(O)C(COP(=O)(O)O)O2)c(=O)n1;MNXM266
dctp;Nc1ccn(C2CC(O)C(COP(=O)(O)OP(=O)(O)OP(=O)(O)O)O2)c(=O)n1;MNXM360
dcyt;Nc1ccn(C2CC(O)C(CO)O2)c(=O)n1;MNXM704
dd2coa;CCCCCCCCCC=CC(=O)SCCNC(=O)CCNC(=O)C(O)C(C)(C)COP(=O)(O)OP(=O)(O)OCC1OC(n2cnc3c(N)ncnc32)C(O)C1OP(=O)(O)O;MNXM642
ddca;;
ddcacoa;CCCCCCCCCCCC(=O)SCCNC(=O)CCNC(=O)C(O)C(C)(C)COP(=O)(O)OP(=O)(O)OCC1OC(n2cnc3c(N)ncnc32)C(O)C1OP(=O)(O)O;MNXM363
dgdp;Nc1nc2c(ncn2C2CC(O)C(COP(=O)(O)OP(=O)(O)O)O2)c(=O)[nH]1;MNXM436
dgmp;Nc1nc2c(ncn2C2CC(O)C(COP(=O)(O)O)O2)c(=O)[nH]1;MNXM546
dgsn;Nc1nc2c(ncn2C2CC(O)C(CO)O2)c(=O)[nH]1;MNXM647
dgtp;Nc1nc2c(ncn2C2CC(O)C(COP(=O)(O)OP(=O)(O)OP(=O)(O)O)O2)c(=O)[nH]1;MNXM344
dha;O=CC(O)CO;MNXM435
dhap;O=C(CO)COP(=O)(O)O;MNXM77
dhf;Nc1nc(=O)c2c([nH]1)NCC(CNc1ccc(C(=O)NC(CCC(=O)O)C(=O)O)cc1)=N2;MNXM281
dhmptp;Nc1nc(=O)c2c([nH]1)NCC(C(O)C(O)COP(=O)(O)OP(=O)(O)OP(=O)(O)O)=N2;MNXM397
dhna;O=C(O)c1cc(O)c2ccccc2c1O;MNXM552
dhnpt;;
dhor-S;O=C1CC(C(=O)O)NC(=O)N1;MNXM252
dhpmp;Nc1nc(=O)c2c([nH]1)NCC(C(O)C(CO)OP(=O)(O)O)=N2;MNXM10399
dhpt;Nc1nc(=O)c2c([nH]1)NCC(CNc1ccc(C(=O)O)cc1)=N2;MNXM965
dhptd;CC(=O)C(=O)C(O)CO;MNXM2449
didp;O=c1[nH]cnc2c1ncn2C1CC(O)C(COP(=O)(O)OP(=O)(O)O)O1;MNXM2174
dimp;O=c1[nH]cnc2c1ncn2C1CC(O)C(COP(=O)(O)O)O1;MNXM1922
din;O=c1[nH]cnc2c1ncn2C1CC(O)C(CO)O1;MNXM935
ditp;O=c1[nH]cnc2c1ncn2C1CC(O)C(COP(=O)(O)OP(=O)(O)OP(=O)(O)O)O1;MNXM1325
dmlz;Cc1nc2c(=O)[nH]c(=O)nc-2n(CC(O)C(O)C(O)CO)c1C;MNXM1313
dmpp;CC(C)=CCOP(=O)(O)OP(=O)(O)O;MNXM132
dnad;Nc1ncnc2c1ncn2C1OC(COP(=O)(O)OP(=O)(O)OCC2OC([n+]3cccc(C(=O)O)c3)C(O)C2O)C(O)C1O;MNXM309
dpcoa;CC(C)(COP(=O)(O)OP(=O)(O)OCC1OC(n2cnc3c(N)ncnc32)C(O)C1O)C(O)C(=O)NCCC(=O)NCCS;MNXM481
dscl;CC1(CC(=O)O)C2=Cc3[nH]c(c(CCC(=O)O)c3CC(=O)O)Cc3[nH]c(c(CC(=O)O)c3CCC(=O)O)C=C3NC(=CC(=N2)C1CCC(=O)O)C(C)(CC(=O)O)C3CCC(=O)O;MNXM672
dtdp;Cc1cn(C2CC(O)C(COP(=O)(O)OP(=O)(O)O)O2)c(=O)[nH]c1=O;MNXM152
dtdp4aaddg;CC(=O)NC1C(C)OC(OP(=O)(O)OP(=O)(O)OCC2OC(n3cc(C)c(=O)[nH]c3=O)CC2O)C(O)C1O;MNXM3015
dtdp4addg;Cc1cn(C2CC(O)C(COP(=O)(O)OP(=O)(O)OC3OC(C)C(N)C(O)C3O)O2)c(=O)[nH]c1=O;MNXM17430
dtdp4d6dg;Cc1cn(C2CC(O)C(COP(=O)(O)OP(=O)(O)OC3OC(C)C(=O)C(O)C3O)O2)c(=O)[nH]c1=O;MNXM451
dtdp4d6dm;Cc1cn(C2CC(O)C(COP(=O)(O)OP(=O)(O)OC3OC(C)C(=O)C(O)C3O)O2)c(=O)[nH]c1=O;MNXM451
dtdpglu;Cc1cn(C2CC(O)C(COP(=O)(O)OP(=O)(O)OC3OC(CO)C(O)C(O)C3O)O2)c(=O)[nH]c1=O;MNXM1376
dtdprmn;Cc1cn(C2CC(O)C(COP(=O)(O)OP(=O)(O)OC3OC(C)C(O)C(O)C3O)O2)c(=O)[nH]c1=O;MNXM899
dtmp;Cc1cn(C2CC(O)C(COP(=O)(O)O)O2)c(=O)[nH]c1=O;MNXM257
dttp;Cc1cn(C2CC(O)C(COP(=O)(O)OP(=O)(O)OP(=O)(O)O)O2)c(=O)[nH]c1=O;MNXM394
dudp;O=c1ccn(C2CC(O)C(COP(=O)(O)OP(=O)(O)O)O2)c(=O)[nH]1;MNXM572
dump;O=c1ccn(C2CC(O)C(COP(=O)(O)O)O2)c(=O)[nH]1;MNXM234
duri;O=c1ccn(C2CC(O)C(CO)O2)c(=O)[nH]1;MNXM492
dutp;O=c1ccn(C2CC(O)C(COP(=O)(O)OP(=O)(O)OP(=O)(O)O)O2)c(=O)[nH]1;MNXM452
dxyl5p;CC(=O)C(O)C(O)COP(=O)(O)O;MNXM622
e4p;O=CC(O)C(O)COP(=O)(O)O;MNXM258
eca2und;;
eca3und;;
eca4colipa;;
eca4und;;
eig3p;O=P(O)(O)OCC(O)C(O)c1c[nH]cn1;MNXM1422
enlipa;;
enter;;
etha;NCCO;MNXM218
etoh;CCO;MNXM303
f6p;O=C(COP(=O)(O)O)C(O)C(O)C(O)CO;MNXM1553
fad;Cc1cc2nc3c(=O)[nH]c(=O)nc-3n(CC(O)C(O)C(O)COP(=O)(O)OP(=O)(O)OCC3OC(n4cnc5c(N)ncnc54)C(O)C3O)c2cc1C;MNXM33
fadh2;Cc1cc2c(cc1C)N(CC(O)C(O)C(O)COP(=O)(O)OP(=O)(O)OCC1OC(n3cnc4c(N)ncnc43)C(O)C1O)c1[nH]c(=O)[nH]c(=O)c1N2;MNXM38
fdp;O=P(O)(O)OCC1OC(O)(COP(=O)(O)O)C(O)C1O;MNXM417
fe2;[Fe+2];MNXM111
fe3;[Fe+3];MNXM196
feenter;O=C1NC2COC(=O)C3COC(=O)C(COC2=O)NC(=O)c2cccc4c2O[Fe-3]25(Oc6cccc1c6O2)(Oc1cccc(c1O5)C(=O)N3)O4;MNXM7354
fgam;O=CNCC(=O)NC1OC(COP(=O)(O)O)C(O)C1O;MNXM453
fmn;Cc1cc2nc3c(=O)[nH]c(=O)nc-3n(CC(O)C(O)C(O)COP(=O)(O)O)c2cc1C;MNXM119
fmnh2;Cc1cc2c(cc1C)N(CC(O)C(O)C(O)COP(=O)(O)O)c1[nH]c(=O)[nH]c(=O)c1N2;MNXM208
for;O=CO;MNXM39
fpram;;
fprica;NC(=O)c1ncn(C2OC(COP(=O)(O)O)C(O)C2O)c1NC=O;MNXM456
frdp;CC(C)=CCCC(C)=CCCC(C)=CCOP(=O)(O)OP(=O)(O)O;MNXM34
fru;OCC1OC(O)(CO)C(O)C1O;MNXM175
frulysp;;
fum;O=C(O)C=CC(=O)O;MNXM93
g1p;O=P(O)(O)OC1OC(CO)C(O)C(O)C1O;MNXM336
g3p;O=CC(O)COP(=O)(O)O;MNXM74
g3pe;NCCOP(=O)(O)OCC(O)CO;MNXM368
g3pg;O=P(O)(OCC(O)CO)OCC(O)CO;MNXM598
g6p;O=P(O)(O)OCC1OC(O)C(O)C(O)C1O;MNXM160
gagicolipa;;
gal;OCC1OC(O)C(O)C(O)C1O;MNXM41
gal1p;O=P(O)(O)OC1OC(CO)C(O)C(O)C1O;MNXM336
gam1p;NC1C(OP(=O)(O)O)OC(CO)C(O)C1O;MNXM969
gam6p;NC1C(O)OC(COP(=O)(O)O)C(O)C1O;MNXM370
gar;NCC(=O)NC1OC(COP(=O)(O)O)C(O)C1O;MNXM463
gdp;Nc1nc2c(ncn2C2OC(COP(=O)(O)OP(=O)(O)O)C(O)C2O)c(=O)[nH]1;MNXM30
gdpddman;CC1OC(OP(=O)(O)OP(=O)(O)OCC2OC(n3cnc4c(=O)[nH]c(N)nc43)C(O)C2O)C(O)C(O)C1=O;MNXM516
gdpfuc;CC1OC(OP(=O)(O)OP(=O)(O)OCC2OC(n3cnc4c(=O)[nH]c(N)nc43)C(O)C2O)C(O)C(O)C1O;MNXM193
gdpmann;Nc1nc2c(ncn2C2OC(COP(=O)(O)OP(=O)(O)OC3OC(CO)C(O)C(O)C3O)C(O)C2O)c(=O)[nH]1;MNXM82
gdpofuc;CC1OC(OP(=O)(O)OP(=O)(O)OCC2OC(n3cnc4c(=O)[nH]c(N)nc43)C(O)C2O)C(O)C(O)C1=O;MNXM516
gdptp;Nc1nc2c(ncn2C2OC(COP(=O)(O)OP(=O)(O)OP(=O)(O)O)C(OP(=O)(O)OP(=O)(O)O)C2O)c(=O)[nH]1;MNXM1561
gg4abut;NC(CCC(=O)NCCCC(=O)O)C(=O)O;MNXM1406
ggagicolipa;;
ggbutal;NC(CCC(=O)NCCCC=O)C(=O)O;MNXM1378
gggagicolipa;;
ggptrc;NCCCCNC(=O)CCC(N)C(=O)O;MNXM1668
gicolipa;;
glc-D;OCC1OC(O)C(O)C(O)C1O;MNXM41
glcn;O=C(O)C(O)C(O)C(O)C(O)CO;MNXM341
gln-L;NC(=O)CCC(N)C(=O)O;MNXM37
glu1sa;NC(C=O)CCC(=O)O;MNXM1453
glu5p;NC(CCC(=O)OP(=O)(O)O)C(=O)O;MNXM1280
glu5sa;NC(CCC=O)C(=O)O;MNXM245
glucys;NC(CCC(=O)NC(CS)C(=O)O)C(=O)O;MNXM412
glu-D;NC(CCC(=O)O)C(=O)O;MNXM331
glu-L;NC(CCC(=O)O)C(=O)O;MNXM89557
glx;O=CC(=O)O;MNXM69
gly;NCC(=O)O;MNXM29
glyald;O=CC(O)CO;MNXM435
glyc;OCC(O)CO;MNXM89612
glyc3p;O=P(O)(O)OCC(O)CO;MNXM66
glyclt;O=C(O)CO;MNXM222
glycogen;;
glyc-R;O=C(O)C(O)CO;MNXM189
gmhep17bp;O=P(O)(O)OCC(O)C1OC(OP(=O)(O)O)C(O)C(O)C1O;MNXM1736
gmhep1p;O=P(O)(O)OC1OC(C(O)CO)C(O)C(O)C1O;MNXM1661
gmhep7p;O=P(O)(O)OCC(O)C1OC(O)C(O)C(O)C1O;MNXM4551
gmp;Nc1nc2c(ncn2C2OC(COP(=O)(O)O)C(O)C2O)c(=O)[nH]1;MNXM113
grdp;CC(C)=CCCC(C)=CCOP(=O)(O)OP(=O)(O)O;MNXM100
gsn;Nc1nc2c(ncn2C2OC(CO)C(O)C2O)c(=O)[nH]1;MNXM401
gthox;NC(CCC(=O)NC(CSSCC(NC(=O)CCC(N)C(=O)O)C(=O)NCC(=O)O)C(=O)NCC(=O)O)C(=O)O;MNXM151
gthrd;NC(CCC(=O)NC(CS)C(=O)NCC(=O)O)C(=O)O;MNXM57
gtp;Nc1nc2c(ncn2C2OC(COP(=O)(O)OP(=O)(O)OP(=O)(O)O)C(O)C2O)c(=O)[nH]1;MNXM51
gtspmd;NCCCCNCCCNC(=O)CNC(=O)C(CS)NC(=O)CCC(N)C(=O)O;MNXM1329
gua;Nc1nc2[nH]cnc2c(=O)[nH]1;MNXM259
h;[H+];MNXM1
h2mb4p;CC(=CCOP(=O)(O)OP(=O)(O)O)CO;MNXM606
h2o;O;MNXM2
h2o2;OO;MNXM22
h2s;S;MNXM89582
hco3;O=C(O)O;MNXM60
hcys-L;NC(CCS)C(=O)O;MNXM123
hdca;CCCCCCCCCCCCCCCC(=O)O;MNXM108
hdcea;;
hdcoa;;
hdd2coa;CCCCCCCCCCCCCC=CC(=O)SCCNC(=O)CCNC(=O)C(O)C(C)(C)COP(=O)(O)OP(=O)(O)OCC1OC(n2cnc3c(N)ncnc32)C(O)C1OP(=O)(O)O;MNXM581
hemeO;C=CC1=C(C)C2=[N+]3C1=Cc1c(C)c(CCC(=O)O)c4n1[Fe-2]31n3c(c(C)c(C(O)CCC=C(C)CCC=C(C)CCC=C(C)C)c3=C2)=CC2=[N+]1C(=C4)C(CCC(=O)O)=C2C;MNXM1278
hhlipa;;
his-L;NC(Cc1c[nH]cn1)C(=O)O;MNXM134
hisp;NC(COP(=O)(O)O)Cc1c[nH]cn1;MNXM1482
histd;NC(CO)Cc1c[nH]cn1;MNXM1281
hlipa;;
hmbil;O=C(O)CCc1c[nH]c(Cc2[nH]c(Cc3[nH]c(Cc4[nH]c(CO)c(CC(=O)O)c4CCC(=O)O)c(CC(=O)O)c3CCC(=O)O)c(CC(=O)O)c2CCC(=O)O)c1CC(=O)O;MNXM547
hom-L;NC(CCO)C(=O)O;MNXM353
hphhlipa;;
hpyr;O=C(O)C(=O)CO;MNXM392
hx2coa;CCCC=CC(=O)SCCNC(=O)CCNC(=O)C(O)C(C)(C)COP(=O)(O)OP(=O)(O)OCC1OC(n2cnc3c(N)ncnc32)C(O)C1OP(=O)(O)O;MNXM753
hxa;CCCCCC(=O)O;MNXM1653
hxan;O=c1[nH]cnc2[nH]cnc12;MNXM213
hxcoa;;
iasp;;
ichor;C=C(OC1C=CC=C(C(=O)O)C1O)C(=O)O;MNXM799
icit;O=C(O)CC(C(=O)O)C(O)C(=O)O;MNXM162
icolipa;;
idon-L;O=C(O)C(O)C(O)C(O)C(O)CO;MNXM341
idp;O=c1[nH]cnc2c1ncn2C1OC(COP(=O)(O)OP(=O)(O)O)C(O)C1O;MNXM495
ile-L;CCC(C)C(N)C(=O)O;MNXM231
imacp;O=C(COP(=O)(O)O)Cc1c[nH]cn1;MNXM1456
imp;O=c1[nH]cnc2c1ncn2C1OC(COP(=O)(O)O)C(O)C1O;MNXM125
indole;c1ccc2[nH]ccc2c1;MNXM377
ins;O=c1[nH]cnc2c1ncn2C1OC(CO)C(O)C1O;MNXM334
ipdp;C=C(C)CCOP(=O)(O)OP(=O)(O)O;MNXM83
itp;O=c1[nH]cnc2c1ncn2C1OC(COP(=O)(O)OP(=O)(O)OP(=O)(O)O)C(O)C1O;MNXM423
k;;
kdo;O=C(O)C(=O)CC(O)C(O)C(O)C(O)CO;MNXM989
kdo2lipid4;;
kdo2lipid4L;;
kdo2lipid4p;;
kdo8p;;
kdolipid4;;
kphphhlipa;;
lac-D;CC(O)C(=O)O;MNXM179
LalaDglu;;
LalaDgluMdap;;
LalaDgluMdapDala;CC(N)C(=O)NC(CCCC(NC(=O)CCC(NC(=O)C(C)N)C(=O)O)C(=O)O)C(=O)O;MNXM59271
LalaLglu;;
lald-D;CC(O)C=O;MNXM909
leu-L;CC(C)CC(N)C(=O)O;MNXM140
lgt-S;CC(O)C(=O)SCC(NC(=O)CCC(N)C(=O)O)C(=O)NCC(=O)O;MNXM1253
lipa;;
lipa_cold;;
lipidA;;
lipidAds;;
lipidX;;
lys-L;NCCCCC(N)C(=O)O;MNXM78
malcoa;CC(C)(COP(=O)(O)OP(=O)(O)OCC1OC(n2cnc3c(N)ncnc32)C(O)C1OP(=O)(O)O)C(O)C(=O)NCCC(=O)NCCSC(=O)CC(=O)O;MNXM40
mal-L;O=C(O)CC(O)C(=O)O;MNXM98
man;OCC1OC(O)C(O)C(O)C1O;MNXM41
man1p;O=P(O)(O)OC1OC(CO)C(O)C(O)C1O;MNXM336
man6p;O=P(O)(O)OCC1OC(O)C(O)C(O)C1O;MNXM160
methf;Nc1nc(=O)c2c([nH]1)NCC1C[N+](c3ccc(C(=O)NC(CCC(=O)O)C(=O)O)cc3)=CN21;MNXM511
met-L;CSCCC(N)C(=O)O;MNXM61
metsox-R-L;;
mg2;;
micit;CC(O)(C(=O)O)C(CC(=O)O)C(=O)O;MNXM1694
mlthf;Nc1nc(=O)c2c([nH]1)NCC1CN(c3ccc(C(=O)NC(CCC(=O)O)C(=O)O)cc3)CN21;MNXM183
mmcoa-R;CC(C(=O)O)C(=O)SCCNC(=O)CCNC(=O)C(O)C(C)(C)COP(=O)(O)OP(=O)(O)OCC1OC(n2cnc3c(N)ncnc32)C(O)C1OP(=O)(O)O;MNXM608
mmcoa-S;CC(C(=O)O)C(=O)SCCNC(=O)CCNC(=O)C(O)C(C)(C)COP(=O)(O)OP(=O)(O)OCC1OC(n2cnc3c(N)ncnc32)C(O)C1OP(=O)(O)O;MNXM608
mn2;;
mnl1p;O=P(O)(O)OCC(O)C(O)C(O)C(O)CO;MNXM393
mobd;O=[Mo](=O)(O)O;MNXM1026
mql8;CC(C)=CCCC(C)=CCCC(C)=CCCC(C)=CCCC(C)=CCCC(C)=CCCC(C)=CCCC(C)=CCc1c(C)c(O)c2ccccc2c1O;MNXM223
mqn8;CC(C)=CCCC(C)=CCCC(C)=CCCC(C)=CCCC(C)=CCCC(C)=CCCC(C)=CCCC(C)=CCC1=C(C)C(=O)c2ccccc2C1=O;MNXM509
mthgxl;CC(=O)C=O;MNXM310
murein3p3p;;
murein3px3p;;
murein3px4p;;
murein4p3p;;
murein4p4p;;
murein4px4p;;
murein4px4p4p;;
murein4px4px4p;;
murein5p3p;;
murein5p4p;;
murein5p5p;;
murein5p5p5p;;
murein5px3p;;
murein5px4p;;
murein5px4px4p;;
N1aspmd;CC(=O)NCCCNCCCCN;MNXM501
n8aspmd;CC(=O)NCCCCNCCCN;MNXM1679
na1;;
nac;O=C(O)c1cccnc1;MNXM274
nad;NC(=O)c1ccc[n+](C2OC(COP(=O)(O)OP(=O)(O)OCC3OC(n4cnc5c(N)ncnc54)C(O)C3O)C(O)C2O)c1;MNXM8
nadh;NC(=O)C1=CN(C2OC(COP(=O)(O)OP(=O)(O)OCC3OC(n4cnc5c(N)ncnc54)C(O)C3O)C(O)C2O)C=CC1;MNXM10
nadp;NC(=O)c1ccc[n+](C2OC(COP(=O)(O)OP(=O)(O)OCC3OC(n4cnc5c(N)ncnc54)C(OP(=O)(O)O)C3O)C(O)C2O)c1;MNXM5
nadph;NC(=O)C1=CN(C2OC(COP(=O)(O)OP(=O)(O)OCC3OC(n4cnc5c(N)ncnc54)C(OP(=O)(O)O)C3O)C(O)C2O)C=CC1;MNXM6
ncam;NC(=O)c1cccnc1;MNXM216
nh4;N;MNXM15
nicrnt;O=C(O)c1ccc[n+](C2OC(COP(=O)(O)O)C(O)C2O)c1;MNXM194
nmn;NC(=O)c1ccc[n+](C2OC(COP(=O)(O)O)C(O)C2O)c1;MNXM355
o2;O=O;MNXM4
o2s;[O]O;MNXM330
oaa;O=C(O)CC(=O)C(=O)O;MNXM46
oc2coa;CCCCCC=CC(=O)SCCNC(=O)CCNC(=O)C(O)C(C)(C)COP(=O)(O)OP(=O)(O)OCC1OC(n2cnc3c(N)ncnc32)C(O)C1OP(=O)(O)O;MNXM784
occoa;CCCCCCCC(=O)SCCNC(=O)CCNC(=O)C(O)C(C)(C)COP(=O)(O)OP(=O)(O)OCC1OC(n2cnc3c(N)ncnc32)C(O)C1OP(=O)(O)O;MNXM342
ocdca;CCCCCCCCCCCCCCCCCC(=O)O;MNXM236
ocdcea;CCCCCCCCC=CCCCCCCCC(=O)O;MNXM306
octa;CCCCCCCC(=O)O;MNXM750
octdp;CC(C)=CCCC(C)=CCCC(C)=CCCC(C)=CCCC(C)=CCCC(C)=CCCC(C)=CCCC(C)=CCOP(=O)(O)OP(=O)(O)O;MNXM811
od2coa;;
odecoa;;
ohpb;O=C(O)C(=O)C(O)COP(=O)(O)O;MNXM1514
orn;NCCCC(N)C(=O)O;MNXM1148
orot;O=C(O)c1cc(=O)[nH]c(=O)[nH]1;MNXM235
orot5p;O=C(O)c1cc(=O)[nH]c(=O)n1C1OC(COP(=O)(O)O)C(O)C1O;MNXM519
oxur;NC(=O)NC(=O)C(=O)O;MNXM1088
pa120;;
pa140;;
pa141;;
pa160;;
pa161;;
pa180;;
pa181;;
pan4p;CC(C)(COP(=O)(O)O)C(O)C(=O)NCCC(=O)NCCS;MNXM373
pant-R;CC(C)(CO)C(O)C(=O)O;MNXM593
pap;Nc1ncnc2c1ncn2C1OC(COP(=O)(O)O)C(OP(=O)(O)O)C1O;MNXM45
paps;Nc1ncnc2c1ncn2C1OC(COP(=O)(O)OS(=O)(=O)O)C(OP(=O)(O)O)C1O;MNXM49
pdx5p;Cc1ncc(COP(=O)(O)O)c(CO)c1O;MNXM454
pe120;;
pe140;;
pe141;;
pe160;;
pe161;;
pe180;;
pe181;;
pep;C=C(OP(=O)(O)O)C(=O)O;MNXM73
pg120;;
pg140;;
pg141;;
pg160;;
pg161;CCCCCCC=CCCCCCCCC(=O)OCC(COP(=O)(O)OCC(O)CO)OC(=O)CCCCCCCC=CCCCCCC;MNXM73693
pg180;CCCCCCCCCCCCCCCCCC(=O)OCC(COP(=O)(O)OCC(O)CO)OC(=O)CCCCCCCCCCCCCCCCC;MNXM51280
pg181;;
pgp120;;
pgp140;;
pgp141;;
pgp160;;
pgp161;CCCCCCC=CCCCCCCCC(=O)OCC(COP(=O)(O)OCC(O)COP(=O)(O)O)OC(=O)CCCCCCCC=CCCCCCC;MNXM75103
pgp180;CCCCCCCCCCCCCCCCCC(=O)OCC(COP(=O)(O)OCC(O)COP(=O)(O)O)OC(=O)CCCCCCCCCCCCCCCCC;MNXM75104
pgp181;;
phe-L;NC(Cc1ccccc1)C(=O)O;MNXM97
pheme;C=CC1=C(C)C2=Cc3c(C=C)c(C)c4n3[Fe-2]35n6c(c(C)c(CCC(=O)O)c6=CC6=[N+]3C(=C4)C(C)=C6CCC(=O)O)=CC1=[N+]25;MNXM249
phhlipa;;
phom;NC(CCOP(=O)(O)O)C(=O)O;MNXM1334
phphhlipa;;
phpyr;O=C(O)C(=O)Cc1ccccc1;MNXM210
phthr;NC(C(=O)O)C(O)COP(=O)(O)O;MNXM759
pi;O=P(O)(O)O;MNXM9
pmtcoa;;
pnto-R;CC(C)(CO)C(O)C(=O)NCCC(=O)O;MNXM364
ppa;;
ppap;CCC(=O)OP(=O)(O)O;MNXM1499
ppbng;NCc1[nH]cc(CCC(=O)O)c1CC(=O)O;MNXM554
ppcoa;CCC(=O)SCCNC(=O)CCNC(=O)C(O)C(C)(C)COP(=O)(O)OP(=O)(O)OCC1OC(n2cnc3c(N)ncnc32)C(O)C1OP(=O)(O)O;MNXM86
ppgpp;Nc1nc2c(ncn2C2OC(COP(=O)(O)OP(=O)(O)O)C(OP(=O)(O)OP(=O)(O)O)C2O)c(=O)[nH]1;MNXM1189
pphn;O=C(O)C(=O)CC1(C(=O)O)C=CC(O)C=C1;MNXM503
ppi;O=P(O)(O)OP(=O)(O)O;MNXM11
ppp9;C=Cc1c(C)c2cc3[nH]c(cc4nc(cc5nc(cc1[nH]2)C(C)=C5CCC(=O)O)C(CCC(=O)O)=C4C)c(C)c3C=C;MNXM346
pppg9;C=Cc1c2[nH]c(c1C)Cc1[nH]c(c(CCC(=O)O)c1C)Cc1[nH]c(c(C)c1CCC(=O)O)Cc1[nH]c(c(C)c1C=C)C2;MNXM351
pppi;O=P(O)(O)OP(=O)(O)OP(=O)(O)O;MNXM332
pram;NC1OC(COP(=O)(O)O)C(O)C1O;MNXM488
pran;O=C(O)c1ccccc1NC1OC(COP(=O)(O)O)C(O)C1O;MNXM1489
prbamp;N=c1c2ncn(C3OC(COP(=O)(O)O)C(O)C3O)c2ncn1C1OC(COP(=O)(O)O)C(O)C1O;MNXM1515
prbatp;N=c1c2ncn(C3OC(COP(=O)(O)OP(=O)(O)OP(=O)(O)O)C(O)C3O)c2ncn1C1OC(COP(=O)(O)O)C(O)C1O;MNXM1351
prfp;NC(=O)c1ncn(C2OC(COP(=O)(O)O)C(O)C2O)c1NC=NC1OC(COP(=O)(O)O)C(O)C1O;MNXM1397
prlp;NC(=O)c1ncn(C2OC(COP(=O)(O)O)C(O)C2O)c1NC=NCC(=O)C(O)C(O)COP(=O)(O)O;MNXM1408
pro-L;O=C(O)C1CCCN1;MNXM114
prpp;O=P(O)(O)OCC1OC(OP(=O)(O)OP(=O)(O)O)C(O)C1O;MNXM91
ps120;;
ps140;;
ps141;;
ps160;;
ps161;;
ps180;;
ps181;;
pser-L;NC(COP(=O)(O)O)C(=O)O;MNXM379
ptrc;NCCCCN;MNXM118
pyam5p;Cc1ncc(COP(=O)(O)O)c(CN)c1O;MNXM366
pydam;Cc1ncc(CO)c(CN)c1O;MNXM548
pydx;Cc1ncc(CO)c(C=O)c1O;MNXM311
pydx5p;Cc1ncc(COP(=O)(O)O)c(C=O)c1O;MNXM161
pydxn;Cc1ncc(CO)c(CO)c1O;MNXM419
pyr;CC(=O)C(=O)O;MNXM23
q8;COC1=C(OC)C(=O)C(C)C(=CC=C(C)CCC=C(C)CCC=C(C)CCC=C(C)CCC=C(C)CCC=C(C)CCC=C(C)CCC=C(C)C)C1=O;MNXM232
q8h2;COc1c(O)c(C)c(CC=C(C)CCC=C(C)CCC=C(C)CCC=C(C)CCC=C(C)CCC=C(C)CCC=C(C)CCC=C(C)C)c(O)c1OC;MNXM191
quln;O=C(O)c1cccnc1C(=O)O;MNXM555
r15bp;O=P(O)(O)OCC1OC(OP(=O)(O)O)C(O)C1O;MNXM881
r1p;O=P(O)(O)OC1OC(CO)C(O)C1O;MNXM295
r5p;O=CC(O)C(O)C(O)COP(=O)(O)O;MNXM116
rbflvrd;Cc1cc2c(cc1C)N(CC(O)C(O)C(O)CO)c1[nH]c(=O)[nH]c(=O)c1N2;MNXM1246
rhcys;NC(CCSCC1OC(O)C(O)C1O)C(=O)O;MNXM1777
rib-D;OCC1OC(O)C(O)C1O;MNXM242
ribflv;Cc1cc2nc3c(=O)[nH]c(=O)nc-3n(CC(O)C(O)C(O)CO)c2cc1C;MNXM270
ru5p-D;O=C(CO)C(O)C(O)COP(=O)(O)O;MNXM145
ru5p-L;O=C(CO)C(O)C(O)COP(=O)(O)O;MNXM145
s7p;O=C(CO)C(O)C(O)C(O)C(O)COP(=O)(O)O;MNXM271
sbt6p;O=P(O)(O)OCC(O)C(O)C(O)C(O)CO;MNXM393
sbzcoa;;
scl;CC1(CC(=O)O)c2cc3nc(cc4[nH]c(cc5[nH]c(cc(n2)C1CCC(=O)O)c(CC(=O)O)c5CCC(=O)O)c(CCC(=O)O)c4CC(=O)O)C(C)(CC(=O)O)C3CCC(=O)O;MNXM863
seramp;Nc1ncnc2c1ncn2C1OC(COP(=O)(O)OC(=O)C(N)CO)C(O)C1O;MNXM114390
ser-D;NC(CO)C(=O)O;MNXM53
ser-L;NC(CO)C(=O)O;MNXM53
sheme;CC1(CC(=O)O)C2=CC3=[N+]4C(=Cc5c(CCC(=O)O)c(CC(=O)O)c6n5[Fe-2]45N2C(=CC2=[N+]5C(=C6)C(CCC(=O)O)C2(C)CC(=O)O)C1CCC(=O)O)C(CCC(=O)O)=C3CC(=O)O;MNXM82173
skm;O=C(O)C1=CC(O)C(O)C(O)C1;MNXM602
skm5p;O=C(O)C1=CC(OP(=O)(O)O)C(O)C(O)C1;MNXM1265
sl26da;NC(CCCC(NC(=O)CCC(=O)O)C(=O)O)C(=O)O;MNXM1488
sl2a6o;O=C(O)CCC(=O)NC(CCCC(=O)C(=O)O)C(=O)O;MNXM1563
so3;O=S(O)O;MNXM105630
so4;O=S(=O)(O)O;MNXM58
spmd;NCCCCNCCCN;MNXM124
ssaltpp;Cc1ncc(C[n+]2c(C(O)CCC(=O)O)sc(CCOP(=O)(O)OP(=O)(O)O)c2C)c(N)n1;MNXM3480
stcoa;;
sucarg;N=C(N)NCCCC(NC(=O)CCC(=O)O)C(=O)O;MNXM1756
sucbz;O=C(O)CCC(=O)c1ccccc1C(=O)O;MNXM1212
succ;O=C(O)CCC(=O)O;MNXM25
succoa;CC(C)(COP(=O)(O)OP(=O)(O)OCC1OC(n2cnc3c(N)ncnc32)C(O)C1OP(=O)(O)O)C(O)C(=O)NCCC(=O)NCCSC(=O)CCC(=O)O;MNXM92
sucglu;O=C(O)CCC(=O)NC(CCC(=O)O)C(=O)O;MNXM1757
sucgsa;O=CCCC(NC(=O)CCC(=O)O)C(=O)O;MNXM1763
suchms;NC(CCOC(=O)CCC(=O)O)C(=O)O;MNXM820
sucorn;NCCCC(NC(=O)CCC(=O)O)C(=O)O;MNXM1152
sucsal;O=CCCC(=O)O;MNXM172
tagdp-D;;
td2coa;CCCCCCCCCCCC=CC(=O)SCCNC(=O)CCNC(=O)C(O)C(C)(C)COP(=O)(O)OP(=O)(O)OCC1OC(n2cnc3c(N)ncnc32)C(O)C1OP(=O)(O)O;MNXM654
tdcoa;CCCCCCCCCCCCCC(=O)SCCNC(=O)CCNC(=O)C(O)C(C)(C)COP(=O)(O)OP(=O)(O)OCC1OC(n2cnc3c(N)ncnc32)C(O)C1OP(=O)(O)O;MNXM224
tdecoa;;
thdp;O=C(O)C1=NC(C(=O)O)CCC1;MNXM480
thf;Nc1nc(=O)c2c([nH]1)NCC(CNc1ccc(C(=O)NC(CCC(=O)O)C(=O)O)cc1)N2;MNXM79
thmmp;Cc1ncc(C[n+]2csc(CCOP(=O)(O)O)c2C)c(N)n1;MNXM662
thmpp;Cc1ncc(C[n+]2csc(CCOP(=O)(O)OP(=O)(O)O)c2C)c(N)n1;MNXM256
thr-L;CC(O)C(N)C(=O)O;MNXM142
thym;Cc1c[nH]c(=O)[nH]c1=O;MNXM386
thymd;Cc1cn(C2CC(O)C(CO)O2)c(=O)[nH]c1=O;MNXM420
tre;OCC1OC(OC2OC(CO)C(O)C(O)C2O)C(O)C(O)C1O;MNXM198
tre6p;O=P(O)(O)OCC1OC(OC2OC(CO)C(O)C(O)C2O)C(O)C(O)C1O;MNXM448
trp-L;NC(Cc1c[nH]c2ccccc12)C(=O)O;MNXM94
ttdca;;
ttdcea;;
tungs;O=[W](=O)(O)O;MNXM88308
tyr-L;NC(Cc1ccc(O)cc1)C(=O)O;MNXM76
u23ga;;
u3aga;CCCCCCCCCCCC(O)CC(=O)OC1C(O)C(CO)OC(OP(=O)(O)OP(=O)(O)OCC2OC(n3ccc(=O)[nH]c3=O)C(O)C2O)C1NC(C)=O;MNXM2157
u3hga;CCCCCCCCCCCC(O)CC(=O)OC1C(N)C(OP(=O)(O)OP(=O)(O)OCC2OC(n3ccc(=O)[nH]c3=O)C(O)C2O)OC(CO)C1O;MNXM2036
uaagmda;;
uaccg;C=C(OC1C(O)C(CO)OC(OP(=O)(O)OP(=O)(O)OCC2OC(n3ccc(=O)[nH]c3=O)C(O)C2O)C1NC(C)=O)C(=O)O;MNXM1688
uacgam;CC(=O)NC1C(OP(=O)(O)OP(=O)(O)OCC2OC(n3ccc(=O)[nH]c3=O)C(O)C2O)OC(CO)C(O)C1O;MNXM47
uacmam;CC(=O)NC1C(OP(=O)(O)OP(=O)(O)OCC2OC(n3ccc(=O)[nH]c3=O)C(O)C2O)OC(CO)C(O)C1O;MNXM47
uacmamu;CC(=O)NC1C(OP(=O)(O)OP(=O)(O)OCC2OC(n3ccc(=O)[nH]c3=O)C(O)C2O)OC(C(=O)O)C(O)C1O;MNXM7862
uagmda;;
uama;CC(=O)NC1C(OP(=O)(O)OP(=O)(O)OCC2OC(n3ccc(=O)[nH]c3=O)C(O)C2O)OC(CO)C(O)C1OC(C)C(=O)NC(C)C(=O)O;MNXM1953
uamag;;
uamr;CC(=O)NC1C(OP(=O)(O)OP(=O)(O)OCC2OC(n3ccc(=O)[nH]c3=O)C(O)C2O)OC(CO)C(O)C1OC(C)C(=O)O;MNXM785
udcpdp;CC(C)=CCCC(C)=CCCC(C)=CCCC(C)=CCCC(C)=CCCC(C)=CCCC(C)=CCCC(C)=CCCC(C)=CCCC(C)=CCCC(C)=CCOP(=O)(O)OP(=O)(O)O;MNXM326
udcpp;CC(C)=CCCC(C)=CCCC(C)=CCCC(C)=CCCC(C)=CCCC(C)=CCCC(C)=CCCC(C)=CCCC(C)=CCCC(C)=CCCC(C)=CCOP(=O)(O)O;MNXM251
udp;O=c1ccn(C2OC(COP(=O)(O)OP(=O)(O)O)C(O)C2O)c(=O)[nH]1;MNXM17
udpg;O=c1ccn(C2OC(COP(=O)(O)OP(=O)(O)OC3OC(CO)C(O)C(O)C3O)C(O)C2O)c(=O)[nH]1;MNXM52
udpgal;;
udpgalfur;O=c1ccn(C2OC(COP(=O)(O)OP(=O)(O)OC3OC(C(O)CO)C(O)C3O)C(O)C2O)c(=O)[nH]1;MNXM2158
udpglcur;O=C(O)C1OC(OP(=O)(O)OP(=O)(O)OCC2OC(n3ccc(=O)[nH]c3=O)C(O)C2O)C(O)C(O)C1O;MNXM87
udpLa4fn;O=CNC1COC(OP(=O)(O)OP(=O)(O)OCC2OC(n3ccc(=O)[nH]c3=O)C(O)C2O)C(O)C1O;MNXM1390
udpLa4n;NC1COC(OP(=O)(O)OP(=O)(O)OCC2OC(n3ccc(=O)[nH]c3=O)C(O)C2O)C(O)C1O;MNXM1786
udpLa4o;O=C1COC(OP(=O)(O)OP(=O)(O)OCC2OC(n3ccc(=O)[nH]c3=O)C(O)C2O)C(O)C1O;MNXM1505
ugmd;;
ugmda;;
uLa4fn;;
uLa4n;;
um4p;;
ump;O=c1ccn(C2OC(COP(=O)(O)O)C(O)C2O)c(=O)[nH]1;MNXM80
unaga;;
unagamu;;
unagamuf;;
uppg3;O=C(O)CCc1c2[nH]c(c1CC(=O)O)Cc1[nH]c(c(CC(=O)O)c1CCC(=O)O)Cc1[nH]c(c(CC(=O)O)c1CCC(=O)O)Cc1[nH]c(c(CCC(=O)O)c1CC(=O)O)C2;MNXM414
ura;O=c1cc[nH]c(=O)[nH]1;MNXM158
urate;O=c1[nH]c(=O)c2[nH]c(=O)[nH]c2[nH]1;MNXM441
urdglyc;NC(=O)NC(O)C(=O)O;MNXM490
urea;NC(N)=O;MNXM117
uri;O=c1ccn(C2OC(CO)C(O)C2O)c(=O)[nH]1;MNXM288
utp;O=c1ccn(C2OC(COP(=O)(O)OP(=O)(O)OP(=O)(O)O)C(O)C2O)c(=O)[nH]1;MNXM121
val-L;CC(C)C(N)C(=O)O;MNXM199
xan;O=c1[nH]c(=O)c2nc[nH]c2[nH]1;MNXM174
xdp;O=c1[nH]c(=O)c2ncn(C3OC(COP(=O)(O)OP(=O)(O)O)C(O)C3O)c2[nH]1;MNXM4133
xmp;O=c1[nH]c(=O)c2ncn(C3OC(COP(=O)(O)O)C(O)C3O)c2[nH]1;MNXM298
xtp;O=c1[nH]c(=O)c2ncn(C3OC(COP(=O)(O)OP(=O)(O)OP(=O)(O)O)C(O)C3O)c2[nH]1;MNXM1860
xtsn;O=c1[nH]c(=O)c2ncn(C3OC(CO)C(O)C3O)c2[nH]1;MNXM687
xu5p-D;O=C(CO)C(O)C(O)COP(=O)(O)O;MNXM145
zn2;[Zn+2];MNXM149
